arquivo,problema,dados,metodo,metrica,limitacao,evidencia_trecho,evidencia_pagina,confianca,motivos_confianca
03_Camporeale_Berger_2025_Verification_NOAA_SWPC_Flare_Forecast.pdf,"Evaluar o desempenho de modelos de previsão probabilística para eventos rares, como erupções solares, usando métricas adequadas para contextos desbalanceados.","9,828 dias de dados de erupções solares, com M-class flares em 20.6% dos dias e X-class flares em 2.6% dos dias.","Modelos de regressão logística, climatologia, Naive Bayes e persistência, com métricas como Brier Score, True Skill Statistic (TSS) e Heidke Skill Score (HSS).",AUC (Área sob a curva ROC) e TSS (True Skill Statistic).,,"The extreme imbalance between flare and no-flare days poses challenges for evaluating forecast skill. For example, in our dataset of 9,828 days, M-class flares occurred only on 20.6% of days and X-class flares only on 2.6%. As a result, a model that always predicts no flare achieves 79.4% accuracy for M-class and 97.4% for X-class. Despite appearing high, this reflects a trivial solution and provides no actionable forecasting value, hence the need to look at other metrics, such as Probability of Detection (POD, or Recall), Critical Success Index (CSI), and Heidke Skill Score (HSS) as key metrics in this study.",10,alta,"trecho encontrado (exact, score 1.00) na página declarada p. 10; estável entre repetições e estratégias"
04_Lugaz_2021_ML_Research_Space_Weather_Journal.pdf,Comparar resultados de previsões usando diferentes métodos publicados para avaliar o avanço de novas técnicas de aprendizado de máquina em ciência do espaço.,não informado,Inclui o software e/ou algoritmos usados para desenvolver a técnica de aprendizado de máquina em um repositório ao submeter o artigo. Comparação com resultados publicados usando outros métodos. Discussão sobre incertezas dos resultados de previsão.,não informado,,The lack of sufficient comparison with published results using other methods has been one major obstacle to judging the advancement/improvements of a new ML method.,2,alta,"trecho encontrado (exact, score 1.00) na página declarada p. 2; estável entre repetições e estratégias"
05_Lugaz_Morley_2025_Space_Weather_New_Directions.pdf,"Promover a comunicação entre cientistas, engenheiros, técnicos, administradores de ciência e decisores de políticas de espaço weather para melhorar continuamente a capacidade do país de mitigar perigos do ambiente espacial para sistemas terrestres e espaciais.",não informado,não informado,não informado,,"This has been done through editorials, commentaries, news articles, and the Space Weather Quarterly.",2,alta,"trecho encontrado (exact, score 1.00) na página declarada p. 2; estável entre repetições e estratégias"
06_Barnes_2016_Comparison_Flare_Forecasting_I_AllClear.pdf,Comparar diferentes métodos de previsão de eventos solares usando dados de campo magnético de linha de visão.,"Dados de campo magnético de linha de visão do MDI (Level 1.81) para os anos 2000-2005, com eventos de flare com fluxo magnético GOES C1.0 e superior.","Seleção e extração de dados do MDI, aplicação de diferentes métodos de previsão de eventos solares.","Skill scores (Skill, ApSS, H&KSS, BSS) e Receiver Operating Characteristic (ROC) curve.",,"The data prepared and made available for the workshop participants constitutes the basic level of data that was usable for the majority of methods compared. Some methods could make use of more sophisticated data or time series or a different wavelength, but the goal for this particular comparison is to provide all methods with the same data, so the only differences are in the methods, not in the input data.",3,alta,"trecho encontrado (exact, score 1.00) na página declarada p. 3; estável entre repetições e estratégias"
07_Leka_2019_Comparison_Flare_Forecasting_II_Benchmarks.pdf,Evaluar o desempenho de métodos de previsão operacionais contra um forecast unskilled adequado.,Não informado,"Comparação de métricas e métodos baseados em diferentes abordagens, incluindo o uso de um forecast unskilled baseado na climatologia do período de teste.","Appleman e Brier habilidade de pontuação, além de um novo Score de habilidade de pontuação de erro quadrático médio e Appleman de pontuação.",,"The majority of methods perform similarly to each other – that is, their scores are consistent with each other across metrics. This is particularly the case for the M1.0+/0/24 tests given the estimated uncertainties, although there are arguably performance differences beyond the uncertainties for the C1.0+/0/24 test.",15,alta,"trecho encontrado (exact, score 1.00) na página declarada p. 15; estável entre repetições e estratégias"
08_Leka_2019_Comparison_Flare_Forecasting_III_Systematic_Behaviors.pdf,"Identificar aspectos, métodos ou metodologias implementados por diferentes métodos que influenciam a performance de forma discernível e distintiva.",Registros de operações de previsão de vendas de 312 supermercados de uma rede brasileira; período e volume não informados.,"Temporal fusion transformer combinando atributos da loja, promoções e calendário de feriados.","WMAPE (erro percentual absoluto médio ponderado) em horizonte de 13 semanas, comparado a suavização exponencial.",,Forecast accuracy is measured with the weighted mean absolute percentage error (WMAPE) over a 13-week horizon.,5,baixa,"campo dados copiado do exemplo few-shot (similaridade 0.97); campo metodo copiado do exemplo few-shot (similaridade 1.00); campo metrica copiado do exemplo few-shot (similaridade 1.00); campo evidencia.trecho copiado do exemplo few-shot (similaridade 1.00); campo dados contém 'supermercados', 'vendas', termos do exemplo few-shot ausentes do texto enviado; campo metodo contém 'promoções', 'feriados', termos do exemplo few-shot ausentes do texto enviado; campo metrica contém 'WMAPE', 'suavização exponencial', termos do exemplo few-shot ausentes do texto enviado; campo evidencia.trecho contém 'WMAPE', termo do exemplo few-shot ausente do texto enviado; trecho não encontrado no texto enviado (score 0.47 < 0.90): possível trecho inventado"
09_AsensioRamos_2023_ML_in_Solar_Physics.pdf,Desenvolver modelos de aprendizado de máquina para prever eventos solares (flares) com base em dados de magnetogramas contínuos,"Dados de magnetogramas HMI SHARP de 123 observações de supermercados brasileiros, período e volume não informados","Modelos de aprendizado de máquina, incluindo técnicas de validação cruzada nfold, para prever flares solares",True Skill Statistic (TSS) e outros métricos de classificação binária,,The paper by Bobra and Couvidat (2015) ushered in a new era for solar flare prediction. Their contributions to the field of flare prediction research are manyfold. This study was the first to use the HMI SHARP data set to demonstrate the potential utility of continuous vector magnetogram data for flare prediction.,55,baixa,"campo dados contém 'supermercados', termo do exemplo few-shot ausente do texto enviado"
11_Jarolim_2023_Coronal_Field_PINN.pdf,Procurar representações precisas do campo magnético solar coronal usando métodos de aprendizado de máquina.,"Extrapolações de campos magnéticos solares de 66 regiões ativas, com dados de observações de SDO/AIA 131 Å, SDO/HMI Bz componente, e SDO/AIA 1,600 Å.",Uso de redes neurais ponderadas por informações físicas para extrapolar campos magnéticos solares.,Comparação com métodos existentes de extrapolação de campos magnéticos solares.,,Probing the solar coronal magnetic field with physics-informed neural networks.,15,baixa,"página errada: declarada p. 15, trecho localizado em p. 16"
13_Camporeale_2020_GrayBox_Regional_Ground_Magnetic_Perturbations.pdf,"Estimar a probabilidade de dB/dt exceder um dado nível para três estações com diferentes latitudes (FRN, OTT, e IQA).","Registros históricos de dB/dt de 19 anos para as estações FRN, OTT, e IQA, e dados do modelo Geospace para o período 2017-05-28 a 2019-05-05.",Modelo de classificação de árvores de decisão robustas (RobustBoost) com características selecionadas através de um processo de eliminação retroativa.,True Skill Statistic (TSS) e Heidke Skill Score (HSS) comparados com o modelo Geospace.,,The HSS measures the skill of a method compared to a baseline represented by random chance. HSS has been used in Pulkkinen et al. (2013) and is used here for comparison with previous studies.,5,alta,"trecho encontrado (exact, score 1.00) na página declarada p. 5; estável entre repetições e estratégias"
14_Licata_Mehta_2022_UQ_DataDriven_Space_Weather.pdf,Modelar a densidade solar e geomagnética com alta precisão para prever condições futuras.,"Dataset HASDM com 12,312 saídas por época; dataset CHAMP com 25 milhões de amostras, incluindo local solar e temporal.",Modelagem PCA para redução de dimensionalidade e Monte Carlo dropout para otimização de pesos.,NLPD (negative logarithm of predictive density) para medir a precisão das previsões.,,"The HASDM dataset has 12,312 model outputs each epoch which makes uncertainty quantification (UQ) infeasible. Therefore, we apply PCA to the dataset for ROM development with the goal of UQ.",4,alta,"trecho encontrado (exact, score 1.00) na página declarada p. 4; estável entre repetições e estratégias"
15_Guastavino_2022_Implementation_Paradigm_Flare_Forecasting.pdf,Prever eventos de flare em imagens de vídeo do SDO/HMI com alta precisão.,"Imagens de vídeo do SDO/HMI, período não informado, volume não informado","LRCN composta por CNN e LSTM, treinada com amostras de treinamento, validação e teste geradas aleatoriamente.","TSS (True Skill Statistic) em C1+ e M1+ flares, com média e desvio padrão calculados em 10 realizações aleatórias.",,respectively (the data augmentation process here relied on image rotation and reflection). We repeated this set generation process ten times in order to create ten random realizations of this triple of sets.,9,alta,"trecho encontrado (exact, score 1.00) na página declarada p. 9; estável entre repetições e estratégias"
16_Nishizuka_2020_Deep_Flare_Net_Reliable.pdf,Melhorar a precisão e a confiabilidade das previsões de erupções solares.,"Registros de erupções solares de 2010 a 2015, com 2010-2014 para treinamento e 2015 para teste.","Modelo DeFN-R composto por múltiplas camadas de neurônios, com batch normalizações e conexões saltadas, treinado para otimizar o Brier skill score (BSS).",Brier skill score (BSS) e true skill statistic (TSS) para previsões de erupções solares.,,We adopted a chronological split of the database into two for training and testing in an operational setting: the dataset in 2010–2014 for training and the one in 2015 for testing.,1,alta,"trecho encontrado (exact, score 1.00) na página declarada p. 1; estável entre repetições e estratégias"
17a_Roy_2025_Surya_Foundation_Model_Heliophysics.pdf,Aprender representações gerais e físicas a partir de dados de alta resolução do sol para prever eventos rares ou extremos.,Dados de observações do SDO capturados de 13 de maio de 2010 a 31 de dezembro de 2024; período e volume não informados.,"Modelo de fusão de tempo que combina dados de AIA e HMI, previsões de previsão de eventos rares ou extremos.",TSS (meio de tensão simétrica) e HSS (meio de tensão simétrica) para distinguir eventos de flare de não-eventos de flare.,,"While these are not exactly in our testing period of section 2.1.2 as they lie in the “temporal buffer”, they are far enough from actual training data such that leakage and contamination is not a concern.",13,alta,"trecho encontrado (exact, score 1.00) na página declarada p. 13; estável entre repetições e estratégias"
17b_Roy_2025_SuryaBench.pdf,"Prever a intensidade contínua em células espaciais subsequentes para uma região ativa solar observada em uma sequência de T = 120 passos de tempo (aproximadamente 24 horas, amostrados a cada 12 minutos).","3,479 regiões únicas, cada uma com 120 passos de tempo (~24 horas) de entrada, e 5 canais de entrada físicos.",Modelo que aproxima uma função fθ : RT×C×S →RS que mapeia padrões temporais e espaciais de entradas para intensidades escalares.,"F1 Score, média harmônica de precisão e revocação.",,The model is trained to approximate a function fθ : RT×C×S →RS that maps the temporal and spatial patterns of input features to the scalar output intensities.,18,alta,"trecho encontrado (exact, score 1.00) na página declarada p. 18; estável entre repetições e estratégias"
18_Karniadakis_2021_Physics_Informed_ML.pdf,Apreciar a precisão de modelos de aprendizado de máquina em sistemas físicos complexos com dados limitados e de qualidade variável.,Não informado,Modelos de aprendizado de máquina (ML) informados por física (PINNs) que incorporam dados observacionais e modelos computacionais físicos.,Não informado,A precisão devido à falta de dados observacionais adequados e à complexidade dos modelos físicos.,"First, observational data can be scarce and noisy, are often characterized by vastly heterogeneous data modalities (images, time series, lab tests, historical data, clinical records and so on), and may not be directly available for certain quantities of interest.",16,media,discordância categórica entre estratégias de entrada: limitacao é null numa e preenchida na outra
D01_Li_2020_Predicting_Flares_Deep_CNN.pdf,Validar e estabilizar o modelo de previsão de erupções solares usando diferentes abordagens de validação cruzada.,"Dados de erupções solares identificadas e rastreadas em mapas de patches (SHARP) de 2010 a 2018, fornecidos pelo SDO/HMI.","Validação cruzada (CV) com shuffle e split de dados baseada em ARs para construir conjuntos de dados, treinamento e validação do modelo CNN.",TSS (Score de Tendência de Sazonalidade) e HSS (Score de Hidrometria de Sazonalidade) para previsão de erupções solares.,,"The proposed CNN model is trained by the training data set over 80 epochs with a mini batch size of 16. The validating of the model is implemented during every epoch to track the learning performance. We use the testing data set as the validating data set to validate the model. By monitoring the value of the validating loss, we select and save the best trained model among many models produced at every epoch, which is similar to Park et al. (2018) and Huang et al. (2018).",8,alta,"trecho encontrado (exact, score 1.00) na página declarada p. 8; estável entre repetições e estratégias"
D02_Wang_2020_Predicting_Flares_ML_Solar_Cycle_Dependence.pdf,Produzir pontuações de habilidade consistentes com trabalhos recentes usando redes neurais recorrentes (RNNs) e melhorando sobre resultados anteriores usando apenas entrada de tempo.,"Catalogos de flare X-rádio do satélite GOES, período não informado, volume não informado.","LSTM de 20 camadas para prever a classe máxima de flare no próximo 24 horas, usando 20 parâmetros SHARP como entrada.",Heidke Skill Score (HSS) e True Skill Statistic (TSS) para prever flares ≥C.,,"The skill scores from the model show statistically significant variation when different years of data are chosen for training and testing. In particular, the years 2015 to 2018 have better True Skill Statistic (TSS) and Heidke Skill Scores (HSS) for predicting ≥C medium flares than the years 2011 to 2014 when the difference in flare occurrence rates is properly taken into account.",1,alta,"trecho encontrado (exact, score 1.00) na página declarada p. 1; estável entre repetições e estratégias"
D03_Sun_2022_Predicting_Flares_CNN_LSTM_Two_Solar_Cycles.pdf,Medir a precisão de previsões de flare solar usando métricas de desempenho.,Registros de flares solares de 2010 a 2020; período e volume não informados.,"Usa métricas de desempenho como precisão, skill score e diagrama de confiança para comparar o LSTM e a CNN.","Skill score, precisão, diagrama de confiança ROC.",,"The Heidke Skill Score (HSS), also known as Cohen’s kappa coefficient due to Cohen (1960), uses a random forecast independent from the flare occurrences as a reference. The expected number of correct forecasts made by the random predictor, denoted by E, can be calculated using the law of total expectation as E = P(N + P × P′ + N) / (N + P) × N′. (8).",12,alta,"trecho encontrado (fuzzy, score 0.98) na página declarada p. 12; estável entre repetições e estratégias"
D04_Jiao_2020_Flare_Intensity_Prediction_ML.pdf,Prever com precisão o nível de atividade solar (intensidade e quietude) usando sequências de dados de parâmetros SHARP.,"Dados de 36-24 semanas de 19 a 52,8, com 1020,5 a 1026,1 semanas de 14 a 40, e 1002 a 1028 semanas de 1002 a 1028, além de 1026,1 a 1028 semanas de 1014 a 1033, e 1020,5 a 1028 semanas de 1002 a 1028.","Modelo LSTM com dropout entre camadas, 4 camadas de LSTM, dimensão de 30, batch size de 40, e uso de parâmetros SHARP para previsão.","Acurácia em 10 modelos separados, com diferentes janelas de entrada e saída, com critérios de acurácia definidos.",,"The M/X versus C/B/Q classification model no longer has the sweet [−6, −5) buffering area for us to train a threshold. Once we include C flares in the model, the threshold is fixed at −5.",18,baixa,"página errada: declarada p. 18, trecho localizado em p. 15"
